,zip,Filers,Itemizers,AGI,pre-tcja-tax,current-law-tax
0,0,817760,536320,87164.66288999999,5960.47,5198.76
1,10001,1340,1050,86866.66667,6003.16,5163.0
2,10002,2690,1990,86434.17085,6132.56,5111.1
3,10003,3340,2730,87040.65934,5457.22,5183.88
4,10004,200,160,84656.25,4458.27,4897.75
5,10005,660,550,87225.45455,5447.0,5206.05
6,10007,220,180,86327.77777999999,3665.79,4939.33
7,10009,3710,2700,86843.7037,6291.93,5160.24
8,10010,1950,1570,87537.57962,6010.22,5243.51
9,10011,3260,2670,87403.74532,5668.61,5227.45
10,10012,1420,1080,87440.74074,5423.89,5231.89
11,10013,1140,870,87017.24137999999,4656.31,5181.07
12,10014,2110,1720,87284.30232999999,5524.76,5213.12
13,10016,3880,3150,87137.14286,5580.68,5195.46
14,10017,1290,1020,87449.01961,5567.89,5232.88
15,10018,640,490,87502.04082000001,5080.72,5239.24
16,10019,2570,2050,87216.58537,5611.13,5204.99
17,10021,2520,2030,87078.81773,5403.19,5188.46
18,10022,2100,1710,87034.50292,5143.99,5183.14
19,10023,3320,2630,87076.80608,5396.66,5188.22
20,10024,2840,2220,87129.27928,5330.54,5194.51
21,10025,4180,3030,87135.31353,5852.83,5195.24
22,10026,1440,1110,87137.83784,5968.23,5195.54
23,10027,1770,1300,86532.30769,6058.46,5122.88
24,10028,2930,2280,87291.66667,5482.09,5214.0
25,10029,1820,1210,86544.6281,6146.53,5124.36
26,10030,730,530,86924.5283,5858.57,5169.94
27,10031,1640,1170,85518.80342000001,5904.94,5001.26
28,10032,1470,1010,86495.0495,6038.02,5118.41
29,10033,1530,1000,86289.0,6112.5,5093.68
30,10034,1350,890,86602.24719,6158.03,5131.27
31,10035,930,720,85752.77777999999,6066.92,5029.33
32,10036,2020,1560,87058.97436000001,5301.55,5186.08
33,10037,1010,760,86765.78947,6361.5,5150.89
34,10038,1120,860,87086.04651,6210.44,5189.33
35,10039,750,550,85625.45455,6184.62,5014.05
36,10040,1360,870,85856.32184,6161.56,5041.76
37,10044,450,310,88451.6129,6136.61,5353.19
38,10065,1680,1340,87350.74627,5236.45,5221.09
39,10069,180,140,86571.42857,3866.43,4743.57
40,10075,1650,1310,87435.87786000001,5309.18,5231.31
41,10128,3690,2860,86892.30769,5440.15,5166.08
42,10280,450,340,87497.05882,4749.87,5238.65
43,10301,1690,1270,86898.4252,5811.71,5166.81
44,10302,660,510,86941.17647,5803.9,5171.94
45,10303,1010,820,86887.80488,5909.36,5165.54
46,10304,1470,1160,87377.58621000001,5747.85,5224.31
47,10305,2030,1580,87405.06328999999,5928.91,5227.61
48,10306,2950,2300,87261.73913,5809.49,5210.41
49,10307,640,510,88398.03922,5641.86,5346.76
50,10308,1660,1320,87508.33333,5865.96,5240.0
51,10309,1630,1360,87269.11765,5531.43,5211.29
52,10310,1030,810,87450.61727999999,5864.29,5233.07
53,10312,3460,2790,87299.64158,5729.1,5214.96
54,10314,4650,3630,87165.84022,5855.3,5198.9
55,10451,1000,730,86116.43836,6410.75,5072.97
56,10452,960,660,85807.57576,5943.1,5035.91
57,10453,880,630,86188.88889,5825.53,5081.67
58,10454,330,230,86608.69565,5755.7,5132.04
59,10455,510,360,86308.33333,6231.9,5096.0
60,10456,950,660,85748.48485,6049.95,5028.82
61,10457,800,560,86178.57143,5696.38,5080.43
62,10458,1130,760,86085.52632,6097.7,5069.26
63,10459,650,470,85085.10638,5631.51,4949.21
64,10460,770,580,86141.37931,5913.62,5075.97
65,10461,2260,1570,86543.94903999999,5839.91,5124.27
66,10462,3060,2110,86318.00948,6110.39,5097.16
67,10463,3130,2140,86740.18692000001,6451.57,5147.82
68,10464,250,200,84080.0,5361.48,4828.6
69,10465,2150,1620,87054.93827,5683.6,5185.59
70,10466,2090,1640,86677.43902,5613.51,5140.29
71,10467,2140,1510,85863.57616,5996.51,5042.63
72,10468,1320,900,86363.33333,6349.01,5102.6
73,10469,2530,2000,86275.0,5492.87,5092.0
74,10470,660,470,87206.38298,6079.59,5203.77
75,10471,1260,960,86975.0,6235.85,5176.0
76,10472,1010,700,85717.14286,5907.71,5025.06
77,10473,1790,1370,86324.08759,5858.82,5097.89
78,10474,130,100,84520.0,5994.33,4881.4
79,10475,2400,1740,86452.29885,7020.0,5113.28
80,10501,60,30,96900.0,6492.5,6367.0
81,10502,240,180,85983.33333,4420.69,5057.0
82,10504,270,190,86884.21053,4176.79,5165.11
83,10506,150,110,88890.90909,3546.14,5094.58
84,10507,200,130,88384.61537999999,5976.84,5345.15
85,10509,970,690,87450.72464,6062.13,5233.09
86,10510,290,200,89875.0,4896.33,5524.0
87,10511,110,70,93657.14286,6630.07,5977.86
88,10512,1340,1000,87564.0,5887.17,5246.68
89,10514,250,180,89533.33333,4122.27,5446.42
90,10516,280,170,89558.82353,6332.57,5486.06
91,10518,50,30,95733.33333,6645.0,6227.0
92,10520,580,380,86905.26316,5498.75,5167.63
93,10522,500,330,87360.60606,5058.85,5222.27
94,10523,490,300,87393.33333,5456.16,5226.2
95,10524,220,160,87731.25,5326.21,5266.75
96,10526,70,50,84280.0,5417.0,4852.6
97,10528,530,330,88106.06061,5487.37,5311.73
98,10530,870,650,87280.0,5864.78,5212.6
99,10532,250,190,89621.05262999999,5894.1,5493.53
100,10533,340,230,88730.43478,5451.17,5386.65
101,10536,350,230,87543.47826,4238.84,5244.22
102,10537,150,120,83916.66667,5568.55,4809.0
103,10538,590,380,87963.15789,5487.05,5294.58
104,10541,1290,980,87504.08163,5636.39,5239.49
105,10543,870,540,86701.85185,5363.19,5143.22
106,10546,60,40,86925.0,5551.25,5170.0
107,10547,350,260,87011.53846,5673.14,5180.38
108,10548,170,110,87836.36364,6172.79,5279.36
109,10549,580,390,85338.46154,5646.93,4979.62
110,10550,1170,800,86852.5,5489.66,5161.3
111,10552,1260,910,87161.53846,5835.49,5198.38
112,10553,490,360,87961.11111,5432.8,5294.33
113,10560,170,120,90608.33333,5337.69,5612.0
114,10562,1500,1040,87344.23077000001,5711.19,5220.31
115,10566,1070,730,87360.27397000001,6197.23,5222.23
116,10567,930,700,87101.42857,5550.54,5191.17
117,10570,460,310,85580.64516,4892.86,5008.68
118,10573,1290,820,87328.04878,5642.68,5218.37
119,10576,180,130,84223.07692,3438.89,4771.86
120,10577,90,50,89680.0,4222.0,5386.6
121,10579,480,360,87547.22222000001,5515.79,5244.67
122,10580,500,320,87556.25,4515.01,5245.75
123,10583,1290,950,87296.84211,4883.68,5214.62
124,10588,130,100,85300.0,5489.91,4975.0
125,10589,530,360,86975.0,6096.67,5176.0
126,10590,260,190,84873.68421,5029.18,4923.84
127,10591,1060,630,87619.04762,5683.33,5253.29
128,10594,230,160,86818.75,5396.78,5157.25
129,10595,300,210,88385.71429,5314.7,5345.29
130,10598,1330,1020,88163.72549,5612.08,5318.65
131,10601,560,330,87851.51515,6457.42,5281.18
132,10603,1090,760,86806.57895,5910.03,5155.79
133,10604,510,320,88165.625,5497.39,5318.88
134,10605,900,660,86960.60606,5487.31,5174.27
135,10606,570,340,86614.70588,5469.44,5132.76
136,10607,340,270,86637.03704,5074.72,5135.44
137,10701,2010,1350,87063.7037,6026.37,5186.64
138,10703,1020,710,87316.90141,6045.5,5217.03
139,10704,1990,1370,87233.57664,6110.57,5207.03
140,10705,1230,850,86903.52941,5981.8,5167.42
141,10706,410,270,88781.48148,5596.18,5392.78
142,10707,520,350,86702.85714,5410.16,5143.34
143,10708,1230,910,86630.76922999999,6109.61,5134.69
144,10709,470,320,88034.375,5545.77,5303.12
145,10710,1720,1300,86814.61537999999,5809.03,5156.75
146,10801,1600,1050,87383.80952000001,5534.31,5225.06
147,10803,460,320,86246.875,4799.45,5088.62
148,10804,520,410,86412.19512,4457.64,5108.46
149,10805,1080,680,86530.88235,6141.01,5122.71
150,10901,1060,780,88008.97436000001,5665.48,5300.08
151,10913,230,180,87955.55556000001,5232.6,5293.67
152,10916,230,160,88725.0,5821.72,5386.0
153,10917,90,60,93300.0,6178.0,5935.0
154,10918,590,440,87952.27273,5926.09,5293.27
155,10919,60,50,84740.0,5639.75,4907.8
156,10920,480,370,87756.75676,5671.64,5269.81
157,10921,230,160,89556.25,6353.82,5485.75
158,10923,470,330,87715.15152,5541.51,5264.82
159,10924,600,410,87614.63415,5705.39,5252.76
160,10925,300,230,87460.86957000001,6155.82,5234.3
161,10926,200,140,87871.42857,6269.69,5283.57
162,10927,320,200,87995.0,5785.46,5298.4
163,10928,230,130,86069.23077000001,5851.66,5067.31
164,10930,460,370,88927.02703,6127.35,5410.24
165,10931,60,40,81300.0,4597.5,4495.0
166,10940,2180,1510,86945.69536,6114.84,5172.48
167,10941,720,460,87554.34783,6204.48,5245.52
168,10950,1550,1160,87661.2069,5759.22,5258.34
169,10952,810,550,87681.81818,4334.12,5013.28
170,10954,1290,910,87945.05495,5781.79,5292.41
171,10956,1440,1110,87951.35135,5299.09,5293.16
172,10958,170,110,86709.09091,5993.2,5144.09
173,10960,730,450,86071.11111,5139.77,5067.53
174,10962,260,190,87000.0,5319.52,5179.0
175,10963,150,110,85290.90909,6023.64,4973.91
176,10964,60,40,77375.0,3691.25,4024.0
177,10965,820,580,87274.13793,5537.98,5211.9
178,10968,170,110,85872.72727,4891.95,5043.73
179,10969,70,40,89550.0,6135.0,5485.0
180,10970,540,380,86052.63158,5536.28,5065.32
181,10973,130,100,85750.0,5739.08,5029.0
182,10974,160,130,86507.69231,5376.88,5119.92
183,10976,50,40,88800.0,5438.75,5392.0
184,10977,1530,1140,87099.12281,5362.75,5190.89
185,10980,710,500,87676.0,5460.7,5260.12
186,10983,280,210,87057.14286,5501.22,5185.86
187,10984,150,120,86833.33333,5406.69,5159.0
188,10986,90,60,80833.33333,4647.25,4439.0
189,10987,150,100,84970.0,4930.71,4935.4
190,10989,580,440,86797.72727,5575.62,5154.73
191,10990,1000,720,87308.33333,5847.54,5216.0
192,10992,510,370,89181.08107999999,6189.39,5440.73
193,10993,200,160,84875.0,5420.63,4924.0
194,10994,380,290,88210.34483,5294.14,5324.24
195,10998,190,140,86257.14286,5742.59,5089.86
196,11001,1460,1070,86728.03738,5501.78,5146.36
197,11003,2400,1930,86863.73057,5320.88,5162.65
198,11004,890,680,86542.64706,5941.21,5124.12
199,11005,180,170,86341.17647,6332.55,5099.94
200,11010,1480,1080,87233.33333,5566.28,5207.0
201,11020,210,160,88456.25,3952.25,5077.94
202,11021,880,650,87413.84615,5873.13,5228.66
203,11023,310,260,86115.38462000001,3878.05,4790.53
204,11024,210,150,86600.0,2194.31,4616.45
205,11030,520,380,87163.15789,4107.8,5198.58
206,11040,2190,1640,87433.53659,5355.85,5231.02
207,11050,1180,790,86759.49367000001,4983.7,5150.14
208,11096,290,200,83495.0,5183.48,4758.4
209,11101,1550,1100,86810.90909,5777.4,5156.31
210,11102,1810,1250,86550.4,6087.0,5125.05
211,11103,2000,1400,85998.57143,5670.15,5058.83
212,11104,1480,960,87076.04167,6331.85,5188.13
213,11105,2010,1370,85969.34307,5686.66,5055.32
214,11106,2130,1480,86475.0,6151.63,5116.0
215,11109,410,310,87861.29032,4038.7,3905.96
216,11201,3210,2530,87296.83794,6149.6,5214.62
217,11203,2530,2050,86367.80488,5500.89,5103.14
218,11204,2030,1240,86741.12903,5432.29,5147.94
219,11205,1540,1140,86877.19297999999,5875.02,5164.26
220,11206,1890,1360,86099.26471,6044.4,5070.91
221,11207,2080,1670,85776.64671,5776.8,5032.2
222,11208,1740,1310,86505.34351,5710.63,5119.64
223,11209,3850,2640,86721.59091,5978.72,5145.59
224,11210,2170,1680,86687.5,5326.93,5141.5
225,11211,2960,2270,86950.22026,5797.3,5173.03
226,11212,1570,1180,85734.74576,5552.37,5027.17
227,11213,1630,1150,86325.21738999999,5301.34,5030.36
228,11214,2790,1770,87061.01695,6067.35,5186.32
229,11215,3790,2810,86743.0605,5880.75,5148.17
230,11216,2220,1670,86080.83832000001,5718.19,5068.7
231,11217,1990,1530,87035.94771000001,5956.26,5183.31
232,11218,2710,1810,86896.68508,5976.65,5166.6
233,11219,1420,810,86539.50617000001,4931.8,4841.94
234,11220,1680,1030,86732.03882999999,6078.93,5146.84
235,11221,1960,1450,85928.27586000001,5641.38,5050.39
236,11222,2520,1740,86422.98851,5904.22,5109.76
237,11223,2240,1430,86935.66434,5617.4,5171.28
238,11224,1310,870,86725.28736,6398.37,5146.03
239,11225,2150,1580,85908.86076,5518.89,5048.06
240,11226,2900,2090,86132.53589,5608.89,5074.9
241,11228,1680,1220,87053.27868999999,5531.19,5185.39
242,11229,3050,2110,86784.83412,5896.17,5153.18
243,11230,2490,1550,86681.93548,5639.79,5140.83
244,11231,1610,1190,87178.9916,5907.97,5200.48
245,11232,710,490,85959.18367,5923.61,5054.1
246,11233,1840,1420,86185.91549,5616.59,5081.31
247,11234,4340,3550,86898.59155,5548.65,5166.83
248,11235,3080,2080,86784.61537999999,6105.09,5153.15
249,11236,3810,3170,86366.24606,5459.79,5102.95
250,11237,1140,780,85975.64103,5987.78,5056.08
251,11238,3250,2540,86629.92126,5953.54,5134.59
252,11239,530,390,85605.12821,5724.34,5011.62
253,11354,1620,1050,86962.85714,6095.33,5174.54
254,11355,1820,1080,86491.66667,6009.95,5118.0
255,11356,830,580,87231.03448,5625.42,5206.72
256,11357,2170,1660,87044.57831,5763.22,5184.35
257,11358,1520,1100,87177.27273,5555.06,5200.27
258,11360,1210,930,87213.97849,6162.9,5204.68
259,11361,1380,990,86906.06061,5760.31,5167.73
260,11362,950,730,87475.34247,6026.76,5236.04
261,11363,330,250,87216.0,5364.02,5204.92
262,11364,1900,1450,86882.06897000001,6007.36,5164.85
263,11365,1960,1350,87062.96296,6040.22,5186.56
264,11366,640,470,87127.65957,5462.25,5194.32
265,11367,1620,1120,86872.32143,6006.22,5163.68
266,11368,1780,1160,86018.10345,5886.71,5061.17
267,11369,1050,790,86878.48101,5909.53,5164.42
268,11370,1000,690,87337.68116000001,5896.67,5219.52
269,11372,2440,1630,86745.39877,6491.12,5148.45
270,11373,2580,1550,86321.93548,6087.44,5097.63
271,11374,2430,1620,86529.62963,6206.67,5122.56
272,11375,4410,3190,86696.55172,6262.41,5142.59
273,11377,3180,2090,86344.01914,6248.79,5100.28
274,11378,1630,1110,86572.07207000001,5802.96,5127.65
275,11379,1930,1340,87277.61194,5770.17,5212.31
276,11385,3750,2430,86390.9465,5834.18,5105.91
277,11411,1050,900,86613.33333,5339.88,5076.4
278,11412,1560,1360,86654.41176,5425.78,5089.78
279,11413,2090,1770,87197.74011,5396.97,5119.0
280,11414,1630,1230,86920.3252,6039.62,5169.44
281,11415,1130,790,86839.24051,6319.07,5159.71
282,11416,650,450,85468.88889,5577.52,4995.27
283,11417,1090,830,86981.92771,5874.16,5176.83
284,11418,1120,830,86283.13252999999,5737.74,5092.98
285,11419,1240,920,86100.0,5625.49,5071.0
286,11420,1650,1300,86297.69231,5588.84,5094.72
287,11421,1390,1030,86293.20388,5762.85,5094.18
288,11422,1510,1280,86744.53125,5489.09,5148.34
289,11423,1150,910,86124.17582,5468.14,5073.9
290,11426,970,750,86710.66667,5797.71,5144.28
291,11427,1150,890,87083.14607,5828.75,5188.98
292,11428,910,740,86000.0,5625.2,5059.0
293,11429,1080,920,86404.34783,5378.89,5043.3
294,11432,1750,1260,86169.84127,5652.88,5079.38
295,11433,950,790,86825.31646,5588.89,5158.04
296,11434,2650,2190,86281.27854,5784.52,5092.75
297,11435,1930,1370,86392.70073,5955.08,5106.12
298,11436,670,570,86871.92982,5705.42,5163.63
299,11501,1230,820,87260.97561000001,5794.86,5210.32
300,11507,390,310,87196.77419,5098.01,5202.61
301,11509,120,80,88287.5,4751.25,5333.5
302,11510,1940,1570,87167.51592,5356.96,5199.1
303,11514,290,210,88223.80952000001,5792.5,5325.86
304,11516,320,220,85950.0,5110.54,5053.0
305,11518,640,470,87746.80851,5802.68,5268.62
306,11520,1960,1550,87290.32258,5408.35,5213.84
307,11530,1160,850,87096.47059,4851.64,5190.58
308,11542,1140,760,87001.31579,5510.86,5179.16
309,11545,450,320,88253.125,4385.99,5329.38
310,11548,50,40,83450.0,4308.75,4753.0
311,11550,1730,1330,87160.90226,5141.25,5198.31
312,11552,1290,1010,86600.9901,5323.39,5131.12
313,11553,1030,810,86928.39506,5576.63,5170.41
314,11554,2120,1590,87167.92452999999,5616.42,5199.15
315,11557,360,270,87500.0,5120.37,5239.0
316,11558,390,280,87582.14286,5843.69,5248.86
317,11559,280,190,87500.0,4900.54,5194.79
318,11560,290,200,86405.0,4326.19,5107.6
319,11561,2420,1680,87518.45238,5757.14,5241.21
320,11563,1330,990,87291.91919,5636.41,5214.03
321,11565,500,400,87652.5,5572.89,5257.3
322,11566,1700,1300,87433.07692,5309.29,5230.97
323,11570,1230,910,87717.58242,5366.53,5265.11
324,11572,1730,1310,87546.56489,5586.92,5244.59
325,11575,620,480,86958.33333,5481.76,5174.0
326,11576,430,330,88596.9697,3957.73,5370.64
327,11577,520,400,87185.0,4925.11,5201.2
328,11579,250,180,87355.55556000001,5049.47,5221.67
329,11580,2450,1900,87339.47368,5457.14,5219.74
330,11581,1170,930,87041.93548,5319.19,5184.03
331,11590,2020,1490,87305.36912999999,5302.27,5215.64
332,11596,560,400,87535.0,5176.04,5243.2
333,11598,470,340,87752.94118,4687.07,5259.08
334,11691,1210,910,86046.15385,5418.31,5064.54
335,11692,520,420,85259.52381,5627.7,4970.14
336,11693,510,390,86451.28205,6306.54,5113.15
337,11694,910,700,87230.0,5736.15,5206.6
338,11697,260,170,88311.76471,6610.24,5336.41
339,11701,1190,910,86250.54945,5432.71,5089.07
340,11702,810,590,88679.66102,5633.51,5380.56
341,11703,1100,840,87647.61905,5784.72,5256.71
342,11704,2250,1650,87133.93939,5633.05,5195.07
343,11705,400,290,89203.44828,5454.57,5443.41
344,11706,2720,2020,87128.71287,5688.43,5194.45
345,11709,370,270,87688.88889,5303.39,5261.67
346,11710,1790,1340,86632.08955,5407.73,5134.85
347,11713,540,350,87248.57143,5911.66,5208.83
348,11714,1370,970,87264.94845,5544.87,5210.79
349,11715,260,210,85547.61905,5238.92,5004.71
350,11716,600,410,88265.85366000001,5870.92,5330.9
351,11717,1740,1280,86142.96875,5745.46,5076.16
352,11718,150,130,86938.46154,5077.87,5171.62
353,11719,180,140,85042.85714,5208.72,4944.14
354,11720,1600,1270,87547.24409,5906.48,5244.67
355,11721,300,230,87286.95652,5318.05,5213.43
356,11722,1400,1060,86653.77358,5817.18,5137.45
357,11724,110,80,83587.5,3087.41,4484.93
358,11725,1530,1210,87989.2562,5541.32,5297.71
359,11726,810,580,86120.68966,5584.65,5073.48
360,11727,1680,1210,86669.42149,5851.36,5139.33
361,11729,1600,1200,87195.0,5690.34,5202.4
362,11730,730,560,87810.71429,5719.79,5276.29
363,11731,1550,1180,87880.50847,5694.4,5284.66
364,11732,180,110,85681.81818,5061.81,5020.82
365,11733,750,580,88720.68966,5504.23,5385.48
366,11735,1910,1360,87797.79412,5768.77,5274.74
367,11738,930,660,87707.57576,5982.77,5263.91
368,11740,420,330,88848.48485,5619.28,5400.82
369,11741,1660,1140,87941.22807000001,6027.15,5291.95
370,11742,840,620,86998.3871,6056.43,5178.81
371,11743,2000,1510,87309.27152000001,5222.31,5216.11
372,11746,2770,2100,87271.42857,5316.39,5211.57
373,11747,910,660,87334.84848,5340.41,5219.18
374,11749,180,150,84266.66667,5268.53,4851.0
375,11751,750,580,88127.58621000001,5751.83,5314.31
376,11752,570,420,87447.61905,5692.72,5232.71
377,11753,510,360,86983.33333,4089.53,5177.0
378,11754,980,730,87817.80822,5755.16,5277.14
379,11755,690,520,86517.30769,5526.87,5121.08
380,11756,2630,1990,87365.82915,5729.13,5222.9
381,11757,2490,1900,87468.94737000001,5716.82,5235.27
382,11758,3040,2240,87291.07143,5407.48,5213.93
383,11762,1200,920,87097.82609,5603.54,5190.74
384,11763,1610,1240,86915.32258,5922.86,5168.84
385,11764,600,500,86638.0,5250.82,5135.56
386,11766,630,460,87571.73913,5639.69,5247.61
387,11767,680,530,86584.90566,5521.45,5129.19
388,11768,1010,780,87206.41026,5171.03,5203.77
389,11769,540,420,86642.85714,5656.33,5136.14
390,11771,400,270,88592.59259,5071.7,5370.11
391,11772,2380,1730,87067.05202,5962.55,5187.05
392,11776,1230,920,86845.65217,5798.33,5160.48
393,11777,440,300,85676.66667,5252.63,5020.2
394,11778,720,580,88051.72413999999,6069.85,5305.21
395,11779,2200,1590,87457.2327,5992.42,5233.87
396,11780,680,520,87115.38462000001,5241.14,5192.85
397,11782,850,640,87964.0625,5687.58,5294.69
398,11783,1190,920,87593.47826,5472.63,5250.22
399,11784,1350,1050,87198.09524,5956.71,5202.77
400,11786,290,240,85970.83333,5307.21,5055.5
401,11787,1690,1320,87744.69697,5533.74,5268.36
402,11788,940,650,87476.92308,5623.97,5236.23
403,11789,460,370,88132.43243,6231.02,5314.89
404,11790,620,480,87652.08333,5449.41,5257.25
405,11791,950,750,87982.66667,4626.81,5296.92
406,11792,420,350,88697.14286,5734.43,5382.66
407,11793,1770,1390,87489.20863,5484.37,5237.71
408,11795,1330,1070,87643.92523,5543.89,5256.27
409,11796,220,170,85117.64706,5387.42,4953.12
410,11797,340,220,84827.27273,3766.73,4918.27
411,11798,510,380,86957.89474,5537.57,5173.95
412,11801,2230,1540,87310.38961,5733.7,5216.25
413,11803,1320,1020,86827.45098,5027.15,5158.29
414,11804,250,190,89236.84211,5238.61,5447.42
415,11901,1000,660,86877.27273,6013.37,5164.27
416,11933,370,260,89050.0,6284.71,5425.0
417,11934,400,320,87890.625,5829.52,5285.88
418,11935,200,150,88613.33333,5916.42,5372.6
419,11937,730,520,88123.07692,5154.69,5254.48
420,11940,270,190,85900.0,5537.14,5047.0
421,11941,140,100,86330.0,6063.85,5098.6
422,11942,280,200,89345.0,6161.2,5460.4
423,11944,200,140,88928.57143,6185.44,5410.43
424,11946,690,470,87940.42553,5841.42,5291.85
425,11948,60,40,76625.0,4011.25,3934.0
426,11949,720,540,87546.2963,5682.22,5244.56
427,11950,730,560,86505.35714,6016.08,5119.64
428,11951,620,460,87071.73913,6225.04,5187.61
429,11952,280,190,85263.15789,5321.83,4970.58
430,11953,780,550,87578.18182,6171.7,5248.38
431,11954,200,140,83085.71429,4939.91,4709.29
432,11955,190,90,88900.0,5748.38,5407.0
433,11957,40,40,78475.0,4298.75,4156.0
434,11958,40,30,99366.66667,7085.0,6663.0
435,11961,780,530,87939.62264,6082.3,5291.75
436,11963,360,230,87543.47826,5202.11,5108.02
437,11967,1300,1010,87690.09901,6114.35,5261.81
438,11968,420,270,88640.74074,5391.93,5155.09
439,11971,320,240,86391.66667,5622.64,5106.0
440,11976,80,50,91660.0,5930.75,5738.2
441,11977,120,80,89637.5,5980.13,5495.5
442,11978,140,80,87075.0,5390.96,5154.06
443,11980,300,220,88318.18182,6183.99,5337.18
444,12009,430,250,89700.0,6816.55,5503.0
445,12010,1090,540,87287.03704,6774.6,5213.44
446,12015,190,110,87145.45455,6376.48,5196.45
447,12018,480,310,87267.74193999999,6608.09,5211.13
448,12019,1010,620,87554.83871,6434.83,5245.58
449,12020,1810,1010,87401.9802,6637.03,5227.24
450,12023,110,60,84116.66667,6315.5,4833.0
451,12025,310,150,88506.66667,7001.76,5359.8
452,12027,260,170,87152.94118,6524.5,5197.35
453,12029,60,40,78200.0,4492.5,4123.0
454,12033,480,290,86848.27586000001,6390.35,5160.79
455,12037,170,100,84160.0,6140.19,4838.2
456,12043,310,140,84864.28571,6313.48,4922.71
457,12046,40,20,102050.0,7535.0,7039.0
458,12047,950,490,87540.81633,6611.44,5243.9
459,12051,190,90,89822.22222000001,7262.44,5517.67
460,12052,110,60,87250.0,6774.0,5209.0
461,12053,280,160,88775.0,6819.32,5392.0
462,12054,1030,640,88293.75,6513.81,5334.25
463,12056,150,90,90766.66667,6960.6,5631.0
464,12058,70,40,83100.0,6225.0,4711.0
465,12059,110,50,91320.0,7007.0,5697.4
466,12060,80,50,93260.0,6766.25,5930.2
467,12061,610,360,86627.77777999999,6368.19,5134.33
468,12062,100,50,92940.0,7560.5,5891.8
469,12065,2620,1480,87697.2973,6596.28,5262.68
470,12066,130,70,89528.57143,6991.36,5482.43
471,12067,110,50,90900.0,7228.25,5647.0
472,12068,130,60,81466.66667,6180.5,4515.0
473,12070,80,30,95300.0,8240.0,6175.0
474,12072,160,70,84257.14286,6191.57,4849.86
475,12074,190,100,88790.0,7102.79,5393.8
476,12075,160,100,84780.0,5938.9,4912.6
477,12077,350,230,88039.13042999999,6547.19,5303.7
478,12078,710,270,87503.7037,6939.78,5239.44
479,12083,220,130,83576.92308,5921.14,4768.23
480,12084,370,130,89230.76922999999,6598.01,5446.69
481,12086,120,60,92816.66667,7494.0,5877.0
482,12087,60,30,76900.0,4702.5,3967.0
483,12090,260,130,88730.76922999999,6956.55,5386.69
484,12094,140,70,92414.28571,7257.86,5828.71
485,12095,530,190,84684.21053,6397.37,4901.11
486,12106,140,70,91357.14286,6793.36,5701.86
487,12110,1230,670,86900.0,6562.06,5167.0
488,12117,150,50,84520.0,6335.75,4881.4
489,12118,800,440,87195.45455,6589.49,5202.45
490,12121,130,80,91125.0,7067.86,5674.0
491,12122,170,80,85775.0,6585.18,5032.0
492,12123,310,180,87494.44443999999,6447.08,5238.33
493,12130,60,30,89966.66667,7645.0,5535.0
494,12134,160,70,81057.14286,5537.57,4465.86
495,12136,50,30,79766.66667,5292.5,4311.0
496,12137,120,70,82371.42857,5880.71,4623.57
497,12138,170,90,88588.88889,7016.34,5369.67
498,12140,120,70,89628.57143,6987.5,5494.43
499,12143,280,150,88800.0,7034.28,5395.0
500,12144,1200,670,87135.8209,6606.75,5195.3
501,12148,260,160,89375.0,6682.04,5464.0
502,12149,80,40,90400.0,7126.25,5587.0
503,12150,60,40,77125.0,4770.0,3994.0
504,12151,50,40,77175.0,5146.25,4000.0
505,12153,70,50,79420.0,5343.0,4269.4
506,12154,180,100,91420.0,7162.0,5709.4
507,12156,60,40,84150.0,6081.25,4837.0
508,12157,200,90,85144.44443999999,6143.9,4956.33
509,12158,400,210,86904.7619,6397.42,5167.57
510,12159,390,250,89068.0,6247.22,5427.16
511,12167,100,40,82075.0,5975.0,4588.0
512,12168,90,50,79620.0,5606.75,4293.4
513,12170,290,140,89507.14286,7132.75,5479.86
514,12173,90,50,80260.0,5459.0,4370.2
515,12180,1990,1090,86737.61468,6576.79,5147.51
516,12182,670,340,86020.58824,6559.48,5061.47
517,12183,110,40,81950.0,6315.0,4573.0
518,12184,360,190,88731.57895,6753.11,5386.79
519,12185,90,50,87920.0,6554.75,5289.4
520,12186,420,250,89732.0,6680.18,5506.84
521,12188,670,340,88041.17647,6853.32,5303.94
522,12189,800,370,85600.0,6483.57,5011.0
523,12192,80,40,87050.0,6658.75,5185.0
524,12193,110,60,87083.33333,6539.0,5189.0
525,12196,190,130,83561.53846,6063.39,4766.38
526,12197,100,40,75850.0,5007.5,3841.0
527,12198,460,270,89048.14815,6780.7,5424.78
528,12202,130,50,85480.0,6740.0,4996.6
529,12203,1460,860,86846.51163,6518.76,5160.58
530,12204,320,130,84200.0,5933.26,4843.0
531,12205,1780,950,86734.73684,6637.42,5147.17
532,12206,280,140,85178.57143,6264.63,4960.43
533,12208,960,610,87168.85246000001,6570.07,5199.26
534,12209,430,280,86028.57143,6532.76,5062.43
535,12210,240,120,85575.0,6301.17,5008.0
536,12211,680,450,87166.66667,6329.83,5199.0
537,12302,1790,1140,87316.66667,6580.86,5217.0
538,12303,1420,870,86575.86207,6511.32,5128.1
539,12304,800,500,86294.0,6497.16,5094.28
540,12306,1400,820,87798.78049,6721.95,5274.85
541,12308,420,240,85220.83333,6315.23,4965.5
542,12309,1800,1260,87573.01587,6385.33,5247.76
543,12401,1390,830,87225.3012,6540.51,5206.04
544,12404,150,100,88090.0,6526.79,5309.8
545,12409,50,40,86025.0,5601.25,5062.0
546,12411,40,30,75833.33333,5033.75,3839.0
547,12413,110,60,90366.66667,7078.5,5583.0
548,12414,390,210,85471.42857,6439.07,4995.57
549,12419,40,30,73533.33333,4247.5,3563.0
550,12428,220,130,87369.23077000001,6452.88,5223.31
551,12431,80,50,92920.0,7481.0,5889.4
552,12440,90,50,87280.0,6518.0,5212.6
553,12443,260,170,85541.17647,6210.27,5003.94
554,12446,220,150,85666.66667,6330.76,5019.0
555,12449,180,110,84036.36364,6119.45,4823.36
556,12451,80,50,86540.0,6721.25,5123.8
557,12456,40,40,118225.0,12776.25,10608.5
558,12458,90,50,79960.0,5666.5,4334.2
559,12461,90,60,78366.66667,5036.25,4143.0
560,12463,100,60,80066.66667,5829.75,4347.0
561,12466,170,110,84145.45455,6073.51,4836.45
562,12472,100,50,88740.0,6850.25,5387.8
563,12477,890,570,86015.78947,6258.33,5060.89
564,12481,70,40,78625.0,5153.75,4174.0
565,12484,170,120,83908.33333,5966.45,4808.0
566,12486,110,80,81650.0,5693.21,4537.0
567,12487,170,100,91950.0,7289.33,5773.0
568,12491,110,70,90600.0,7003.57,5611.0
569,12498,230,160,86025.0,5787.11,5062.0
570,12501,100,60,84666.66667,5951.0,4899.0
571,12508,930,590,87591.52542,6303.17,5249.98
572,12513,70,40,84900.0,6596.25,4927.0
573,12514,160,110,85354.54545,5593.9,4981.55
574,12515,90,60,86716.66667,6186.0,5145.0
575,12516,80,40,93625.0,7236.25,5974.0
576,12518,320,210,85166.66667,5795.5,4959.0
577,12520,180,120,86958.33333,5784.23,5174.0
578,12521,60,30,93866.66667,7627.5,6003.0
579,12522,230,120,85241.66667,5971.25,4968.0
580,12523,100,50,93380.0,7583.0,5944.6
581,12524,950,610,87360.65574,6172.64,5222.28
582,12525,210,140,89535.71429,6471.43,5483.29
583,12526,190,110,88527.27273,6423.47,5362.27
584,12528,780,510,86860.78431,6149.62,5162.29
585,12529,100,60,86533.33333,6283.75,5123.0
586,12531,180,130,86261.53846,5789.3,5090.38
587,12533,1370,990,87528.28283,5983.38,5242.39
588,12534,620,320,87312.5,6544.45,5216.5
589,12538,770,510,87698.03922,6261.59,5262.76
590,12540,370,290,86220.68966,5764.38,5085.48
591,12542,330,230,87360.86957000001,5996.84,5222.3
592,12543,170,120,86600.0,6221.8,5131.0
593,12545,230,140,87921.42857,5902.5,5289.57
594,12546,120,70,89171.42857,6787.14,5439.57
595,12547,160,100,87100.0,5950.42,5191.0
596,12548,90,50,93500.0,7284.5,5959.0
597,12549,550,380,88639.47368,6216.17,5375.74
598,12550,2100,1440,86904.86111,6158.86,5167.58
599,12553,1260,890,86600.0,5901.35,5131.0
600,12561,750,510,88413.72549,6255.36,5348.65
601,12563,350,260,89323.07692,6335.62,5457.77
602,12564,350,250,88080.0,5878.39,5308.6
603,12565,60,30,72800.0,4635.0,3475.0
604,12566,630,460,87504.34783,6198.21,5239.52
605,12567,130,70,86428.57143,6126.43,5110.43
606,12569,560,340,87182.35294,6039.29,5200.88
607,12570,370,270,87574.07407,5937.06,5247.89
608,12571,480,320,88278.125,6402.89,5332.38
609,12572,480,310,87070.96774,5937.82,5187.52
610,12575,130,90,89733.33333,6297.14,5507.0
611,12577,130,90,89933.33333,6215.71,5531.0
612,12578,120,90,91600.0,6549.11,5731.0
613,12580,240,170,84364.70588,5603.12,4862.76
614,12581,110,70,88000.0,6439.0,5299.0
615,12582,280,220,86795.45455,5861.59,5154.45
616,12583,120,70,82657.14286,5438.57,4657.86
617,12585,50,40,81400.0,5147.5,4507.0
618,12586,620,440,86768.18182,6042.69,5151.18
619,12589,680,490,88146.93878,6195.95,5316.63
620,12590,2120,1350,87357.03704,6266.82,5221.84
621,12592,70,30,79633.33333,5065.0,4295.0
622,12594,210,150,88966.66667,6395.85,5415.0
623,12601,1290,810,87149.38272000001,6224.56,5196.93
624,12603,2300,1650,87203.63636,6154.27,5203.44
625,12701,280,170,85747.05882,6169.34,5028.65
626,12719,50,30,93066.66667,7650.0,5907.0
627,12721,320,230,87821.73913,6157.5,5277.61
628,12723,60,40,94775.0,7887.5,6112.0
629,12726,60,30,93566.66667,7732.5,5967.0
630,12729,70,50,80880.0,5570.75,4444.6
631,12737,110,70,87828.57143,6333.93,5278.43
632,12740,120,70,89542.85714,7092.43,5484.14
633,12746,50,30,85033.33333,6397.5,4943.0
634,12747,70,40,90825.0,7296.25,5638.0
635,12748,90,50,81920.0,5798.0,4569.4
636,12754,190,110,89872.72727,7106.68,5523.73
637,12758,150,80,86975.0,6689.96,5176.0
638,12764,70,50,92800.0,7345.25,5875.0
639,12765,60,30,88600.0,6245.0,5371.0
640,12768,50,30,78400.0,5597.5,4147.0
641,12771,560,330,86145.45455,6293.76,5076.45
642,12775,160,120,89400.0,6456.36,5467.0
643,12776,70,40,94475.0,7862.5,6076.0
644,12777,50,30,91000.0,7075.0,5659.0
645,12779,60,40,88350.0,6465.0,5341.0
646,12780,140,90,90277.77777999999,6950.15,5572.33
647,12783,50,30,97766.66667,7960.0,6471.0
648,12788,90,50,94000.0,7789.25,6019.0
649,12789,40,30,89400.0,7120.0,5467.0
650,12790,230,140,87814.28571,6429.26,5276.71
651,12801,610,310,87964.51612999999,6864.28,5294.74
652,12803,430,220,88581.81818,7148.44,5368.82
653,12804,1410,800,87190.0,6576.39,5201.8
654,12809,180,80,91400.0,7365.27,5707.0
655,12814,80,40,78575.0,4963.75,4168.0
656,12816,210,110,89563.63636,6778.18,5486.64
657,12817,110,50,88260.0,6724.25,5330.2
658,12822,300,150,83273.33333,6318.0,4731.8
659,12827,210,100,85370.0,6479.67,4983.4
660,12828,420,210,86447.61905,6703.92,5112.71
661,12831,960,580,87834.48276,6748.13,5279.14
662,12832,250,100,87200.0,6748.33,5203.0
663,12833,220,120,87625.0,6648.41,5254.0
664,12834,360,200,87100.0,6547.57,5191.0
665,12835,150,70,87157.14286,6564.57,5197.86
666,12839,560,250,87196.0,6939.87,5202.52
667,12845,230,130,83630.76922999999,5706.48,4774.69
668,12846,160,70,88542.85714,6848.07,5364.14
669,12850,160,80,91125.0,7270.62,5674.0
670,12859,110,60,88616.66667,6901.25,5373.0
671,12865,150,70,87700.0,6837.79,5263.0
672,12866,2060,1180,88111.86441000001,6501.21,5312.42
673,12870,70,30,84900.0,5762.5,4927.0
674,12871,230,130,86892.30769,6512.29,5166.08
675,12883,200,80,84825.0,6247.68,4918.0
676,12885,180,70,92385.71429,7657.86,5825.29
677,12887,210,70,87814.28571,7148.0,5276.71
678,12901,1240,630,87509.52381,6724.01,5240.14
679,12903,100,50,78900.0,5682.5,4207.0
680,12913,80,30,85533.33333,6970.0,5003.0
681,12918,130,60,82466.66667,6271.25,4635.0
682,12919,150,50,87920.0,6745.5,5289.4
683,12921,140,60,87433.33333,6720.5,5231.0
684,12928,90,40,82825.0,6157.5,4678.0
685,12932,70,30,85966.66667,6362.5,5055.0
686,12944,170,70,87342.85714,6822.5,5220.14
687,12946,210,110,87854.54545,6168.06,5281.55
688,12953,430,130,89484.61537999999,7385.67,5477.15
689,12956,50,30,109766.6667,10803.33,8747.67
690,12958,110,30,94233.33333,8012.5,6047.0
691,12962,300,150,85206.66667,6452.39,4963.8
692,12972,330,170,86623.52941,6544.29,5133.82
693,12979,130,50,88880.0,7244.25,5404.6
694,12981,130,50,82880.0,6377.25,4684.6
695,12983,310,160,84062.5,6110.68,4826.5
696,12986,250,70,89628.57143,7209.21,5494.43
697,12992,220,70,88400.0,7196.43,5347.0
698,12996,90,40,86825.0,6792.5,5158.0
699,13021,1610,770,87088.31169,6748.03,5189.6
700,13027,1820,1100,87372.72727,6669.42,5223.73
701,13028,60,40,84475.0,5986.25,4876.0
702,13029,430,270,88937.03704,6850.28,5411.44
703,13030,170,80,84075.0,6180.18,4828.0
704,13031,910,540,87718.51852,6760.81,5265.22
705,13032,540,260,85242.30769,6459.31,4968.08
706,13033,190,70,91385.71429,7351.07,5705.29
707,13034,100,40,95600.0,8107.5,6211.0
708,13035,440,280,87817.85714,6489.48,5277.14
709,13036,450,230,86686.95652,6690.48,5141.43
710,13037,440,250,88664.0,6993.55,5378.68
711,13039,1030,700,88342.85714,6821.16,5340.14
712,13040,100,40,86575.0,6803.75,5128.0
713,13041,740,470,87725.53191,6791.21,5266.06
714,13042,110,50,90080.0,7355.75,5548.6
715,13044,120,50,93960.0,8035.25,6014.2
716,13045,990,470,86153.19149,6554.91,5077.38
717,13052,100,40,81550.0,5886.25,4525.0
718,13053,220,130,86953.84615,6443.79,5173.46
719,13054,80,30,92400.0,7792.5,5827.0
720,13057,760,400,86602.5,6650.7,5131.3
721,13060,130,70,89671.42857,7022.5,5499.57
722,13061,60,30,87666.66667,7070.0,5259.0
723,13063,90,50,85420.0,6435.5,4989.4
724,13066,680,460,87128.26087,6351.23,5194.39
725,13068,270,140,90942.85714,7168.54,5652.14
726,13069,920,390,87525.64103,6962.95,5242.08
727,13073,300,140,85450.0,6428.75,4993.0
728,13074,170,70,86914.28571,6928.64,5168.71
729,13076,120,50,86660.0,6853.25,5138.2
730,13077,310,140,85064.28571,6287.01,4946.71
731,13078,430,280,87835.71429,6311.46,5279.29
732,13080,170,80,91450.0,7198.04,5713.0
733,13082,250,130,84900.0,6504.64,4927.0
734,13083,80,30,99266.66667,8885.0,6651.0
735,13084,250,140,86850.0,6719.64,5161.0
736,13088,1160,600,86538.33333,6710.24,5123.6
737,13090,1740,1080,87674.07407,6771.05,5259.89
738,13092,120,50,93180.0,7837.25,5920.6
739,13101,120,40,81250.0,5827.5,4489.0
740,13104,700,510,87250.98039,6209.27,5209.12
741,13108,360,220,87872.72727,6797.97,5283.73
742,13110,140,80,92887.5,7280.54,5885.5
743,13111,60,30,81333.33333,6395.0,4499.0
744,13112,90,40,91025.0,7407.5,5662.0
745,13114,300,140,88285.71429,7120.37,5333.29
746,13116,220,120,84508.33333,6324.66,4880.0
747,13118,260,110,88000.0,7026.17,5299.0
748,13120,90,40,76725.0,5428.75,3946.0
749,13126,1420,630,87241.26984,6845.01,5207.95
750,13131,160,70,80971.42857,6022.21,4455.57
751,13132,200,110,86754.54545,6664.68,5149.55
752,13135,290,150,87233.33333,6790.34,5207.0
753,13140,180,60,90533.33333,7562.5,5603.0
754,13142,260,100,87820.0,6969.67,5277.4
755,13143,120,50,86440.0,7020.5,5111.8
756,13145,90,40,84800.0,6731.25,4915.0
757,13148,440,190,86126.31579,6559.87,5074.16
758,13152,410,250,87624.0,6106.55,5253.88
759,13156,90,40,82650.0,6076.25,4657.0
760,13159,260,130,88630.76922999999,6716.16,5374.69
761,13160,100,40,88300.0,6836.25,5335.0
762,13164,160,110,87472.72727,6481.36,5235.73
763,13165,440,160,85850.0,6821.45,5041.0
764,13166,270,120,88166.66667,6927.82,5319.0
765,13167,150,80,90350.0,7261.52,5581.0
766,13203,280,140,85078.57143,6163.83,4948.43
767,13204,280,110,89581.81818,7554.85,5488.82
768,13205,330,140,85900.0,6765.94,5047.0
769,13206,550,230,86647.82609,6993.48,5136.74
770,13207,450,230,86626.08696,6758.05,5134.13
771,13208,400,160,85425.0,6767.5,4990.0
772,13209,600,330,86830.30303,6731.2,5158.64
773,13210,370,200,85250.0,6470.21,4969.0
774,13211,220,80,82900.0,6542.14,4687.0
775,13212,1060,570,86535.08772000001,6861.61,5123.21
776,13214,410,270,85459.25926,6478.27,4994.11
777,13215,750,460,86750.0,6465.54,5149.0
778,13219,910,580,86405.17241,6739.55,5107.62
779,13224,350,210,88457.14286,6874.39,5353.86
780,13302,60,50,97640.0,8142.25,6455.8
781,13303,70,30,90466.66667,7355.0,5595.0
782,13304,90,40,94425.0,7691.25,6070.0
783,13308,130,40,95650.0,8310.0,6217.0
784,13309,260,80,83462.5,6403.3,4754.5
785,13316,260,90,86255.55556000001,7063.87,5089.67
786,13317,150,70,80657.14286,5736.57,4417.86
787,13320,80,30,89633.33333,7192.5,5495.0
788,13323,510,260,89019.23077000001,6993.41,5421.31
789,13324,80,30,82433.33333,5937.5,4631.0
790,13326,230,120,84475.0,5709.36,4876.0
791,13329,150,50,81900.0,6486.5,4567.0
792,13332,90,30,85766.66667,6102.5,5031.0
793,13339,200,80,86075.0,6794.68,5068.0
794,13340,370,150,86273.33333,6699.94,5091.8
795,13346,210,110,87118.18182,6611.95,5193.18
796,13350,300,100,88830.0,6774.08,5398.6
797,13354,180,90,82833.33333,5998.48,4679.0
798,13357,410,130,87269.23077000001,7079.38,5211.31
799,13363,110,40,87275.0,6768.75,5212.0
800,13365,320,110,82445.45455,6111.31,4632.45
801,13367,330,110,89172.72727,6935.03,5439.73
802,13403,260,130,89753.84615,7147.0,5509.46
803,13407,220,70,81600.0,6184.5,4531.0
804,13408,120,40,96475.0,8473.75,6316.0
805,13409,120,50,88900.0,7095.5,5407.0
806,13413,850,430,86313.95349,6558.98,5096.67
807,13416,110,40,81250.0,5997.5,4489.0
808,13417,150,50,87460.0,6992.75,5234.2
809,13420,90,50,81900.0,5975.0,4567.0
810,13421,490,210,89061.90476,7129.38,5426.43
811,13424,100,40,96300.0,8285.0,6295.0
812,13431,100,40,80200.0,5842.5,4363.0
813,13433,60,40,116675.0,13063.75,10267.5
814,13438,180,90,82211.11111,6093.18,4604.33
815,13439,150,50,83460.0,6404.5,4754.2
816,13440,1670,650,87335.38462000001,6878.2,5219.25
817,13452,160,60,81183.33333,6089.75,4481.0
818,13456,220,100,89440.0,7093.37,5471.8
819,13460,170,60,88633.33333,6903.25,5375.0
820,13461,220,100,88980.0,7190.58,5416.6
821,13471,100,40,74825.0,5163.75,3718.0
822,13476,150,80,81262.5,6079.02,4490.5
823,13478,170,70,86485.71429,6907.86,5117.29
824,13480,160,70,81328.57143,6131.79,4498.43
825,13490,90,40,76275.0,5326.25,3892.0
826,13491,160,50,86700.0,7146.5,5143.0
827,13492,660,310,88396.77419,7087.21,5346.61
828,13493,80,30,90666.66667,7517.5,5619.0
829,13495,100,40,88450.0,7128.75,5353.0
830,13501,710,300,86523.33333,6855.09,5121.8
831,13502,1010,410,86690.2439,6897.95,5141.83
832,13601,1200,480,86754.16667,6664.04,5149.5
833,13605,200,80,85525.0,6634.11,5002.0
834,13606,130,40,96300.0,8121.25,6295.0
835,13607,100,50,77960.0,5400.25,4094.2
836,13612,130,50,85060.0,6562.25,4946.2
837,13613,100,40,87150.0,7076.25,5197.0
838,13617,410,170,89441.17647,7041.73,5471.94
839,13619,350,140,89264.28571,7071.38,5450.71
840,13620,90,30,86066.66667,6502.5,5067.0
841,13622,110,50,79640.0,5494.25,4295.8
842,13624,220,90,91977.77777999999,7285.27,5776.33
843,13625,100,30,93700.0,7775.0,5983.0
844,13626,90,40,89700.0,7427.5,5503.0
845,13634,210,90,82722.22222000001,6019.58,4665.67
846,13635,40,30,144000.0,20459.58,16279.0
847,13637,150,50,88500.0,6785.25,5359.0
848,13642,310,90,88488.88889,7198.99,5357.67
849,13648,110,30,95966.66667,8322.5,6255.0
850,13656,110,40,84900.0,6410.0,4927.0
851,13658,100,40,77125.0,5403.75,3994.0
852,13662,620,260,87169.23077000001,6881.4,5199.31
853,13668,140,50,92260.0,7465.25,5810.2
854,13669,540,180,85433.33333,6632.57,4991.0
855,13673,100,30,89166.66667,7000.0,5439.0
856,13676,480,190,89684.21053,6993.84,5501.11
857,13679,90,30,91000.0,7462.5,5659.0
858,13685,130,50,79380.0,5559.5,4264.6
859,13691,130,40,94775.0,7653.75,6112.0
860,13730,130,50,80160.0,5809.25,4358.2
861,13732,460,230,85265.21738999999,6574.84,4970.83
862,13733,220,90,82244.44443999999,6006.95,4608.33
863,13736,100,40,86975.0,6528.75,5176.0
864,13743,180,70,91957.14286,7479.29,5773.86
865,13746,120,50,84900.0,6507.5,4927.0
866,13748,180,60,90366.66667,7196.0,5583.0
867,13753,180,80,90600.0,7083.3,5611.0
868,13754,140,50,84660.0,6333.25,4898.2
869,13760,1910,900,87506.66667,6772.09,5239.8
870,13775,80,40,85350.0,6660.0,4981.0
871,13778,290,130,84161.53846,6294.75,4838.38
872,13783,100,40,90425.0,6713.75,5590.0
873,13787,130,40,92700.0,7547.5,5863.0
874,13790,630,220,87213.63636,6871.25,5204.64
875,13795,160,60,81833.33333,6223.0,4559.0
876,13802,50,30,84966.66667,6510.0,4935.0
877,13803,180,70,85942.85714,6570.43,5052.14
878,13808,80,30,84300.0,6132.5,4855.0
879,13811,180,80,88437.5,6669.2,5351.5
880,13812,100,40,75975.0,5241.25,3856.0
881,13815,500,160,85400.0,6536.22,4987.0
882,13820,700,310,87558.06452,6802.86,5245.97
883,13825,140,60,91566.66667,7335.5,5727.0
884,13827,510,210,85861.90476,6626.14,5042.43
885,13830,200,60,85400.0,6675.5,4987.0
886,13833,170,70,88214.28571,6969.0,5324.71
887,13838,160,40,96075.0,8197.5,6268.0
888,13849,190,70,84628.57143,6405.29,4894.43
889,13850,1140,590,87940.67797,6631.7,5291.88
890,13856,230,80,82650.0,5991.21,4657.0
891,13862,170,70,80585.71429,5937.36,4409.29
892,13865,280,100,83760.0,6149.71,4790.2
893,13901,700,310,85670.96774,6588.86,5019.52
894,13903,680,330,87645.45455,6728.73,5256.45
895,13904,310,130,88892.30769,7062.1,5406.08
896,13905,800,360,86758.33333,6743.84,5150.0
897,14001,510,260,88365.38462000001,6815.65,5342.85
898,14004,690,360,87102.77777999999,6731.15,5191.33
899,14005,100,50,90380.0,7418.0,5584.6
900,14006,490,250,87424.0,6944.11,5229.88
901,14008,60,30,91966.66667,7755.0,5775.0
902,14009,230,120,86441.66667,6676.98,5112.0
903,14011,350,150,85813.33333,6648.5,5036.6
904,14012,110,40,86450.0,6707.5,5113.0
905,14020,880,390,86297.4359,6669.66,5094.69
906,14024,80,30,99900.0,9100.0,6727.0
907,14025,190,110,87236.36364,6771.95,5207.36
908,14028,80,30,81633.33333,5825.0,4535.0
909,14031,490,300,86286.66667,6307.03,5093.4
910,14032,440,290,86689.65517,6385.87,5141.76
911,14033,140,80,90462.5,7134.02,5594.5
912,14034,100,40,81900.0,6116.25,4567.0
913,14036,270,130,86607.69231,6803.88,5131.92
914,14037,60,30,81933.33333,5910.0,4571.0
915,14040,130,60,92866.66667,7510.5,5883.0
916,14042,160,60,81883.33333,5764.0,4565.0
917,14043,1380,730,86463.0137,6798.7,5114.56
918,14047,380,180,86094.44443999999,6625.86,5070.33
919,14048,490,160,84406.25,6730.82,4867.75
920,14051,1080,730,88186.30137,6585.38,5321.36
921,14052,970,610,87316.39344,6593.94,5216.97
922,14054,80,30,93866.66667,7780.0,6003.0
923,14055,90,50,87060.0,6933.5,5186.2
924,14057,480,280,86460.71429,6553.25,5114.29
925,14058,130,50,81100.0,5972.5,4471.0
926,14059,600,340,87297.05882,6643.47,5214.65
927,14062,160,70,86328.57143,6726.57,5098.43
928,14063,560,250,88040.0,6960.18,5303.8
929,14065,90,40,85300.0,6791.25,4975.0
930,14067,260,140,83957.14286,6305.49,4813.86
931,14068,380,250,87176.0,6484.01,5200.12
932,14069,60,40,76750.0,5495.0,3949.0
933,14070,210,60,85400.0,6956.0,4987.0
934,14072,1260,780,87305.12821,6603.33,5215.62
935,14075,2640,1580,87537.97468,6795.88,5243.56
936,14080,270,140,86957.14286,6714.23,5173.86
937,14081,90,30,89700.0,7510.0,5503.0
938,14085,550,360,87147.22222000001,6636.99,5196.67
939,14086,1990,1230,87326.01626,6721.48,5218.12
940,14092,680,350,87551.42857,6709.67,5245.17
941,14094,2430,1230,87252.03252000001,6705.1,5209.24
942,14098,140,60,86433.33333,6852.75,5111.0
943,14101,80,30,76866.66667,5007.5,3963.0
944,14102,80,50,87820.0,6769.25,5277.4
945,14103,420,160,87468.75,6912.55,5235.25
946,14105,240,110,86863.63636,6732.8,5162.64
947,14108,280,130,84546.15385,6465.9,4884.54
948,14111,170,90,83366.66667,6298.39,4743.0
949,14120,2370,1280,86847.65625,6708.7,5160.72
950,14125,180,70,91342.85714,7434.29,5700.14
951,14127,1610,960,87322.91667,6480.33,5217.75
952,14131,280,120,83858.33333,6371.64,4802.0
953,14132,310,160,88793.75,7021.88,5394.25
954,14136,220,90,83511.11111,6440.33,4760.33
955,14139,150,80,82300.0,5877.5,4615.0
956,14141,350,170,84500.0,6331.16,4879.0
957,14143,90,30,101366.6667,8765.0,6903.0
958,14145,110,50,89420.0,7351.25,5469.4
959,14150,2390,1110,86892.79278999999,6951.6,5166.14
960,14167,90,30,99400.0,8585.0,6667.0
961,14170,180,100,86390.0,6445.75,5105.8
962,14171,110,50,83920.0,6424.25,4809.4
963,14172,190,100,87170.0,6892.42,5199.4
964,14174,320,160,87431.25,6757.72,5230.75
965,14201,210,80,89550.0,6951.34,5485.0
966,14202,110,60,84083.33333,5996.25,4829.0
967,14204,140,50,90120.0,7513.25,5553.4
968,14206,570,170,85776.47059,7096.47,5032.18
969,14207,330,60,92083.33333,8042.5,5789.0
970,14208,120,40,93825.0,7718.75,5998.0
971,14209,210,90,89622.22222000001,7245.9,5493.67
972,14210,340,70,85814.28571,7074.64,5036.71
973,14211,220,80,83087.5,6498.7,4709.5
974,14212,170,60,81016.66667,5953.5,4461.0
975,14213,300,110,83954.54545,6822.6,4813.55
976,14214,520,230,86760.86957000001,6775.97,5150.3
977,14215,720,300,87053.33333,6980.48,5185.4
978,14216,940,410,86902.43902,7032.21,5167.29
979,14217,1250,610,87350.81967000001,7053.84,5221.1
980,14218,610,220,87495.45455,7168.12,5238.45
981,14219,600,280,85903.57143,6880.49,5047.43
982,14220,1040,300,86340.0,7181.0,5099.8
983,14221,3230,2030,87166.50246,6595.19,5198.98
984,14222,490,250,88000.0,6849.55,5299.0
985,14223,1440,780,87320.51282,7033.39,5217.46
986,14224,2680,1490,87358.38926,6876.2,5222.01
987,14225,1630,670,87292.53731,7071.67,5214.1
988,14226,1540,880,86384.09091,6611.01,5105.09
989,14227,1280,620,86466.12903,6865.96,5114.94
990,14228,940,490,86734.69387999999,6663.24,5147.16
991,14301,190,60,88116.66667,7377.25,5313.0
992,14304,1380,610,87347.54097999999,6916.74,5220.7
993,14305,500,190,87094.73684,7032.17,5190.37
994,14411,470,180,84594.44443999999,6506.06,4890.33
995,14414,350,190,88815.78947,6965.14,5396.89
996,14416,240,120,86383.33333,6507.86,5105.0
997,14420,860,510,86413.72549,6633.0,5108.65
998,14422,120,50,93080.0,7796.0,5908.6
999,14423,270,160,84543.75,6545.35,4884.25
1000,14424,1340,760,87353.94737000001,6515.22,5221.47
1001,14425,700,370,87021.62162,6802.61,5181.59
1002,14427,110,30,97000.0,8357.5,6379.0
1003,14428,580,330,86775.75757999999,6689.19,5152.09
1004,14432,250,110,87963.63636,7047.61,5294.64
1005,14433,160,40,84925.0,6837.5,4930.0
1006,14435,160,90,88822.22222000001,6817.14,5397.67
1007,14437,380,140,82807.14286,6269.88,4675.86
1008,14445,300,160,87200.0,6878.77,5203.0
1009,14450,2420,1680,87750.0,6611.71,5269.0
1010,14454,310,180,88544.44443999999,6813.09,5364.33
1011,14456,720,300,85973.33333,6604.04,5055.8
1012,14464,360,170,86900.0,6862.81,5167.0
1013,14466,100,50,86660.0,6826.25,5138.2
1014,14467,480,270,88225.92593,7006.26,5326.11
1015,14468,1180,760,88097.36842,6799.15,5310.68
1016,14469,320,170,86505.88235,6593.67,5119.71
1017,14470,380,190,87957.89474,6831.95,5293.95
1018,14471,150,70,91528.57143,7506.79,5722.43
1019,14472,430,290,86875.86207,6351.33,5164.1
1020,14476,120,60,80333.33333,5811.0,4379.0
1021,14477,70,30,84200.0,6190.0,4843.0
1022,14481,90,40,78625.0,5603.75,4174.0
1023,14482,440,200,85000.0,6527.27,4939.0
1024,14485,230,140,87092.85714,6664.22,5190.14
1025,14487,320,180,84877.77777999999,6253.27,4924.33
1026,14489,290,90,90711.11111,7620.6,5624.33
1027,14502,590,410,87319.5122,6609.0,5217.34
1028,14504,80,30,93333.33333,7885.0,5939.0
1029,14505,290,140,85650.0,6508.19,5017.0
1030,14506,70,50,86240.0,5899.0,5087.8
1031,14510,210,80,82500.0,6235.29,4639.0
1032,14512,220,100,89680.0,7045.58,5500.6
1033,14513,540,200,88020.0,7124.67,5301.4
1034,14514,330,230,88030.43478,6687.32,5302.65
1035,14516,100,40,92450.0,7536.25,5833.0
1036,14517,130,50,79820.0,5895.5,4317.4
1037,14519,700,430,86583.72093,6582.48,5129.05
1038,14521,100,40,80175.0,5611.25,4360.0
1039,14522,430,200,88620.0,7055.41,5373.4
1040,14525,170,60,91866.66667,7552.5,5763.0
1041,14526,1160,820,87496.34146,6618.63,5238.56
1042,14527,530,220,88150.0,6704.33,5317.0
1043,14530,230,80,85875.0,6547.5,5044.0
1044,14532,240,100,82580.0,6254.29,4648.6
1045,14533,80,40,89100.0,7306.25,5431.0
1046,14534,1640,1210,87800.0,6331.33,5275.0
1047,14541,100,40,84950.0,6267.5,4933.0
1048,14543,220,140,89378.57143,6912.53,5464.43
1049,14546,280,150,89806.66667,7159.77,5515.8
1050,14548,190,90,87033.33333,6726.79,5183.0
1051,14551,210,70,87085.71429,7038.57,5189.29
1052,14559,1070,640,87976.5625,6701.0,5296.19
1053,14560,100,40,88700.0,7226.25,5383.0
1054,14561,150,60,80733.33333,6066.25,4427.0
1055,14564,680,410,88453.65854,6654.3,5353.44
1056,14568,420,290,86782.75862000001,6705.63,5152.93
1057,14569,280,110,83290.90909,6356.27,4733.91
1058,14571,60,30,83100.0,6395.0,4711.0
1059,14572,220,80,82537.5,6249.91,4643.5
1060,14580,3170,2060,87505.33981,6566.31,5239.64
1061,14586,710,470,87589.3617,6698.61,5249.72
1062,14589,380,220,87463.63636,6793.74,5234.64
1063,14590,210,50,90800.0,7096.25,5635.0
1064,14591,80,30,87633.33333,7375.0,5255.0
1065,14606,920,520,87032.69231,6868.01,5182.92
1066,14607,430,180,87322.22222000001,6592.89,5217.67
1067,14608,130,70,81000.0,6110.0,4459.0
1068,14609,1360,720,86433.33333,6815.63,5111.0
1069,14610,750,470,87061.70212999999,6582.42,5186.4
1070,14611,150,50,90060.0,7344.5,5546.2
1071,14612,1930,1210,87182.64463,6675.58,5200.92
1072,14613,170,70,88271.42857,6835.21,5331.57
1073,14615,500,260,88238.46154,7028.89,5327.62
1074,14616,1200,590,86916.94915,6876.02,5169.03
1075,14617,1450,960,86950.0,6806.22,5173.0
1076,14618,1100,770,87780.51947999999,6460.38,5272.66
1077,14619,300,160,84575.0,6427.47,4888.0
1078,14620,820,410,86487.80488,6742.68,5117.54
1079,14621,270,110,88727.27273,6880.23,5386.27
1080,14622,680,410,86878.04878,6798.97,5164.37
1081,14623,880,410,85497.56098,6718.98,4998.71
1082,14624,2220,1350,87390.37037,6791.94,5225.84
1083,14625,610,430,87851.16279,6658.93,5281.14
1084,14626,1710,1120,87081.25,6570.06,5188.75
1085,14701,1170,390,87948.71795,6983.11,5292.85
1086,14706,270,100,89060.0,7038.33,5426.2
1087,14710,150,60,79466.66667,5649.0,4275.0
1088,14712,130,70,83985.71429,5991.36,4817.29
1089,14717,50,40,98500.0,8546.25,6559.0
1090,14718,90,40,77250.0,5117.5,4009.0
1091,14719,120,50,80660.0,5397.75,4418.2
1092,14724,110,40,89425.0,7216.25,5470.0
1093,14727,230,90,83133.33333,6239.82,4715.0
1094,14731,80,50,80720.0,5329.25,4425.4
1095,14733,140,40,84575.0,6385.0,4888.0
1096,14737,160,50,88580.0,7406.75,5368.6
1097,14738,170,60,89100.0,7081.5,5431.0
1098,14750,230,110,86590.90909,6501.26,5129.91
1099,14755,100,40,79700.0,5853.75,4303.0
1100,14757,150,50,77860.0,5211.5,4082.2
1101,14760,690,210,87480.95238,6871.45,5236.71
1102,14770,130,30,99866.66667,8507.5,6723.0
1103,14772,150,50,84360.0,6651.5,4862.2
1104,14779,180,40,73975.0,5326.25,3616.0
1105,14787,240,90,81266.66667,5761.25,4491.0
1106,14801,200,60,84983.33333,6505.0,4937.0
1107,14803,60,30,85366.66667,6152.5,4983.0
1108,14807,150,60,89233.33333,7119.25,5447.0
1109,14809,90,30,94100.0,8187.5,6031.0
1110,14810,450,160,85393.75,6548.39,4986.25
1111,14812,150,50,91020.0,7481.0,5661.4
1112,14813,90,30,85600.0,6682.5,5011.0
1113,14814,120,60,86116.66667,6370.25,5073.0
1114,14817,130,60,85200.0,6553.5,4963.0
1115,14818,100,40,84850.0,6163.75,4921.0
1116,14821,170,70,87214.28571,6753.29,5204.71
1117,14822,40,30,107500.0,9472.5,8249.0
1118,14823,150,60,82816.66667,6393.75,4677.0
1119,14824,40,30,118766.6667,13153.33,10727.67
1120,14825,40,30,115100.0,12009.58,9921.0
1121,14830,870,400,87482.5,6686.38,5236.9
1122,14836,60,30,75933.33333,4995.0,3851.0
1123,14837,170,60,80850.0,5727.5,4441.0
1124,14838,90,40,89100.0,7338.75,5431.0
1125,14840,170,90,84266.66667,6048.16,4851.0
1126,14843,450,130,91684.61537999999,7419.19,5741.15
1127,14845,1100,500,87076.0,6593.96,5188.12
1128,14847,110,30,93733.33333,7717.5,5987.0
1129,14850,1890,1080,87243.51852,6357.77,5208.22
1130,14858,90,30,84533.33333,6450.0,4883.0
1131,14859,60,20,100150.0,8577.5,6757.0
1132,14861,60,30,90133.33333,7285.0,5555.0
1133,14865,110,50,80760.0,5612.75,4430.2
1134,14867,250,100,84740.0,6292.31,4907.8
1135,14870,490,210,88061.90476,6685.42,5306.43
1136,14871,260,110,85009.09091,6263.7,4940.09
1137,14873,90,40,78825.0,5868.75,4198.0
1138,14879,90,40,75725.0,5418.75,3826.0
1139,14882,210,110,86009.09091,6472.52,5060.09
1140,14883,190,80,91887.5,7470.18,5765.5
1141,14886,340,170,88288.23529,6616.87,5333.59
1142,14889,70,30,75200.0,5115.0,3763.0
1143,14891,190,70,92257.14286,7503.93,5809.86
1144,14892,330,120,85491.66667,6497.81,4998.0
1145,14894,70,30,80100.0,5745.0,4351.0
1146,14895,350,110,84209.09091,6225.77,4844.09
1147,14901,320,100,88820.0,7236.96,5397.4
1148,14903,330,140,89642.85714,7098.54,5496.14
1149,14904,460,110,88554.54545,7444.7,5365.55
1150,14905,450,230,86617.3913,6612.79,5133.09
1151,99999,7460,4240,87196.93396000001,6007.82,5202.63
